名称,営業日,住所,アクセス
"居酒屋 きちんと","月～土、祝日、祝前日: 11:30～14:00 （料理L.O. 13:30 ドリンクL.O. 13:30）17:00～21:00 （料理L.O. 20:00 ドリンクL.O. 20:00）",東京都調布市小島町２-46-1　KMビル2F,調布駅南口徒歩3分
"さかなや道場 調布東口店","月～木、日、祝日: 16:00～翌0:00 （料理L.O. 23:00 ドリンクL.O. 23:30）金、土、祝前日: 16:00～翌1:00 （料理L.O. 翌0:00 ドリンクL.O. 翌0:30）","東京都調布市布田１‐４４‐３ ",京王線調布駅東口2分　駅近!!駅前のミニストップのお隣です♪
"ばさら 牡蠣 basara","月～金、祝前日: 17:00～23:30土、日、祝日: 16:00～23:30","東京都調布市布田１-26-12 108",京王線　調布駅東口　徒歩3分
"魚酒場 汐○ しおまる","月～木、祝日、祝前日: 17:30～翌1:00 （料理L.O. 翌0:00 ドリンクL.O. 翌0:00）金～日: 11:30～14:30 （料理L.O. 14:00 ドリンクL.O. 14:00）17:30～翌1:00 （料理L.O. 翌0:00 ドリンクL.O. 翌0:00）",東京都調布市若葉町１-42-19,仙川駅より仙川ハーモニー商店街を桐朋学園方面へ5分、島忠ホームズの近く、仙川駅入口バス停横です。
"鉄板バル AKICHI 調布店","月～日、祝日、祝前日: 11:30～14:30 （料理L.O. 14:00 ドリンクL.O. 14:10）17:00～23:00 （料理L.O. 22:00 ドリンクL.O. 22:30）","東京都調布市布田１-44-4 フランクビル2F","京王線 調布駅東口より徒歩30秒　2階のお店です！"
"焼き鳥 もつ鍋 一揆 調布布田店","火～日、祝日、祝前日: 17:00～23:00 （料理L.O. 22:00 ドリンクL.O. 22:15）","東京都調布市国領町１-3-25　エコスイース 2F",京王線布田駅のロータリー内、改札から見えるガラス張りのおしゃれな建物、ローソンの2階です。調布駅から徒歩6分！
"安安 調布店","月～金、祝前日: 11:30～15:00 （料理L.O. 14:30 ドリンクL.O. 14:30）16:00～21:00 （料理L.O. 20:30 ドリンクL.O. 20:30）土、日、祝日: 11:30～21:00 （料理L.O. 20:30 ドリンクL.O. 20:30）",東京都調布市小島町１-35-3　濱乃家ビル2階,京王線調布駅北口より徒歩3分
"温野菜 調布店","月～日、祝日、祝前日: 16:00～21:00 （料理L.O. 20:20）",東京都調布市布田１-39-1　間橋ビルB1F,しゃぶしゃぶといえばしゃぶしゃぶ温野菜♪いろいろ選べる食べ放題や宴会コースもご用意！
"温野菜 仙川店","月～日、祝日、祝前日: 16:00～20:00 （料理L.O. 19:20 ドリンクL.O. 19:20）",東京都調布市仙川町１‐４７‐１１　パール仙川２　２Ｆ,仙川駅/仙川のしゃぶしゃぶといえばしゃぶしゃぶ温野菜♪いろいろ選べる食べ放題や宴会コースもご用意!喫煙・禁煙席あり
"土間土間 調布店","月～日、祝日、祝前日: 16:00～21:00 （料理L.O. 20:30 ドリンクL.O. 20:00）",東京都調布市布田１－４１－２原政ビル４Ｆ,"【京王線 調布駅中央口から徒歩1分】お得な宴会プラン2時間3000円～多数ご用意！営業時間は店舗までお問い合わせ下さい"
"Italian Kitchen VANSAN 調布店","月～日、祝日、祝前日: 11:00～23:00 （料理L.O. 22:00 ドリンクL.O. 22:30）",東京都調布市布田１－２－３,"京王線 調布駅 徒歩4分 /京王相模原線 調布駅 徒歩4分 "
"pizzeria napoletana CANTERA カンテラ 調布店","月～土、祝前日: 11:00～23:00 （料理L.O. 22:00 ドリンクL.O. 22:00）日、祝日: 11:00～22:00 （料理L.O. 21:00 ドリンクL.O. 21:00）",東京都調布市小島町２丁目４８－２６,調布駅すぐ！大人気イタリアンMOTHERSの系列ピッツェリア♪パーティや貸切など幅広いシーンに対応致します◎
"サンマルク 調布深大寺店","月～金、祝前日: 11:00～15:30 （料理L.O. 15:00 ドリンクL.O. 15:00）17:00～22:00 （料理L.O. 21:30 ドリンクL.O. 21:30）土、日、祝日: 11:00～22:00 （料理L.O. 21:30 ドリンクL.O. 21:30）",東京都調布市深大寺東町１-1-1,"京王線調布駅 車10分"
"牛角 調布店","月～日、祝日、祝前日: 12:00～21:00 （料理L.O. 20:20 ドリンクL.O. 19:50）",東京都調布市布田１-３５-３ダイモンビル１F,京王線調布駅　北口　徒歩3分　
"漁帆 調布店","月～日、祝日、祝前日: 16:00～翌0:00 （料理L.O. 22:30 ドリンクL.O. 23:00）",東京都調布市布田１-41-1　菊屋ビル401,"調布駅徒歩1分♪2時間飲み放題付コース3980円～♪幹事様特典あり！宴会,飲み会に◎"
"ちび九炉 ちびくろ 調布中央口店","月～金、祝日、祝前日: 15:00～21:00 （料理L.O. 20:00 ドリンクL.O. 20:00）土、日: 12:00～21:00 （料理L.O. 20:00 ドリンクL.O. 20:00）",東京都調布市布田１－４１－１　菊屋ビルＢ１Ｆ,駅近で集まりやすい♪【調布駅中央口10秒】中央口を出てすぐ目の前!!コージーコーナーの地下、てけてけさんの隣です☆
"PEP spanish bar ペップ スパニッシュ バル","月～土、祝前日: 11:00～15:00 （料理L.O. 14:00 ドリンクL.O. 14:00）17:00～23:00 （料理L.O. 22:00 ドリンクL.O. 22:30）日、祝日: 11:00～15:00 （料理L.O. 14:00 ドリンクL.O. 14:00）17:00～22:00 （料理L.O. 21:00 ドリンクL.O. 21:30）",東京都調布市小島町２丁目４８－２６　ペップ,京王線調布駅より徒歩1分
"和ダイニング Do.Co? ドコ 仙川店","火～木、日、祝日、祝前日: 12:00～21:00 （料理L.O. 20:00 ドリンクL.O. 20:30）金、土: 12:00～21:00 （料理L.O. 20:00 ドリンクL.O. 20:00）",東京都調布市仙川町１-15-31渡邊ビル2F,仙川駅より徒歩5分
"串 Bistro SO","月～日、祝日、祝前日: 11:30～22:30 （料理L.O. 21:30 ドリンクL.O. 22:00）",東京都調布市仙川町１丁目47‐14　カワタケオークビルB１階,仙川駅徒歩1分
"東方紅 調布パルコ店","月～日、祝日、祝前日: 11:00～22:30 （料理L.O. 22:00）",東京都調布市小島町１－３８－１,京王調布駅北口より徒歩約1分(70ｍ）
"燻製のおはなし 仙川店","月～日、祝日、祝前日: 17:00～翌0:00 （料理L.O. 22:00 ドリンクL.O. 22:30）",東京都調布市仙川町１丁目１１－１３　大平ビル２F,"東京都調布市仙川町１-11-13　太平ビル2F 京王線仙川駅　徒歩2分自家製の燻製料理・ハモンセラーノの生ハム食べ放題！"
"楽蔵 RAKUZO 調布南口店","月～日、祝日、祝前日: 17:00～23:30",東京都調布市布田４－２－４シーエフビル５Ｆ,"京王線調布駅南口より徒歩1分　各種宴会・飲み会なら交通アクセス◎の駅チカ個室居酒屋 楽蔵を是非ご利用ください！"
楠カンフォーラ,"月～金、祝前日: 11:30～14:00 （料理L.O. 13:45 ドリンクL.O. 13:45）17:00～23:30 （料理L.O. 23:00 ドリンクL.O. 23:00）土、日、祝日: 17:00～23:30 （料理L.O. 23:00 ドリンクL.O. 23:00）",東京都調布市布田１‐47‐4　アーバンホテル・ツインズ調布,京王線調布駅東口徒歩1分
"Asian Taipei アジアン タイペイ presents Resort Dining アジタイ食堂","火～日、祝日、祝前日: 11:30～15:00 （料理L.O. 14:30 ドリンクL.O. 14:30）17:30～21:00 （料理L.O. 20:30 ドリンクL.O. 20:00）",東京都調布市布田１-3-1　イエローストーンビル2Ｆ,京王調布駅広場口より徒歩約5分/甲州街道沿い布田天神前交差点の角～電気通信大学・布多天神社からスグ♪
"イルキャンティ 調布店","月～金、祝前日: 11:30～15:00 （料理L.O. 14:30 ドリンクL.O. 14:30）16:00～21:00 （料理L.O. 20:00 ドリンクL.O. 20:00）土、日、祝日: 11:30～21:00 （料理L.O. 20:00 ドリンクL.O. 20:00）",東京都調布市布田3-19-8,京王線調布駅南口・東口より徒歩6分/布田駅より徒歩8分
"サルヴァトーレ クオモ SALVATORE CUOMO &BAR 仙川","月～日、祝日、祝前日: 11:00～21:00 （料理L.O. 20:00 ドリンクL.O. 20:00）",東京都調布市仙川町１-50-2　ブロードスクエア仙川1F,京王線仙川駅から徒歩2分
"肉が旨いカフェ NICK STOCK トリエ京王調布店","月～日、祝日、祝前日: 11:00～20:00 （料理L.O. 19:30 ドリンクL.O. 19:30）","東京都調布市小島町２-48-6 トリエ京王調布B館1F",調布駅より徒歩１分！昼はカフェとして寛ぎのひとときを！夜はバルとして美味しいこだわり肉をご堪能あれ♪
"やきとり家 すみれ 調布店","月～金、祝前日: 15:00～21:00 （料理L.O. 20:00 ドリンクL.O. 20:00）土、日: 11:30～21:00 （料理L.O. 20:00 ドリンクL.O. 20:00）祝日: 12:00～21:00 （料理L.O. 20:00 ドリンクL.O. 20:00）",東京都調布市布田１‐２‐４,京王線調布駅より徒歩3分
"中国料理 広味坊 飯点飯店 仙川","火～日、祝日、祝前日: 11:30～14:30 （料理L.O. 14:15 ドリンクL.O. 14:15）17:30～22:00 （料理L.O. 21:30 ドリンクL.O. 21:30）",東京都調布市仙川町１-25-4　シティハウス仙川１F,京王線[仙川駅]から徒歩5分
"やきとり家 すみれ 調布駅前店","月～金、祝前日: 15:00～21:00 （料理L.O. 20:00 ドリンクL.O. 20:00）土、日、祝日: 11:30～21:00 （料理L.O. 20:00 ドリンクL.O. 20:00）",東京都調布市布田１-52-3,京王線調布駅より徒歩1分
"妻家房 さいかぼう トリエ京王調布店","月～日、祝日、祝前日: 11:00～23:00 （料理L.O. 22:00 ドリンクL.O. 22:00）",東京都調布市布田４丁目4番地22　トリエ京王調布A館5階,京王調布駅直結!!『トリエ京王調布』A館5階
ホシイツツ,"水、木、日、祝日: 11:00～21:00 （料理L.O. 20:00 ドリンクL.O. 20:00）金、土: 11:00～23:00 （料理L.O. 22:00 ドリンクL.O. 22:00）祝前日: 18:00～23:00 （料理L.O. 22:00 ドリンクL.O. 22:00）",東京都調布市八雲台２-1-6,京王線国領駅から徒歩約5分/甲州街道沿い
"焼肉 いわい 調布","月～日、祝日、祝前日: 11:30～15:00 （料理L.O. 14:30 ドリンクL.O. 14:30）17:00～21:00 （料理L.O. 20:00 ドリンクL.O. 20:00）",東京都調布市布田１-44-2　2F,京王線　調布駅　徒歩1分　
"Restaurant COZY","月、水～日、祝日、祝前日: 11:00～15:30 （料理L.O. 14:30 ドリンクL.O. 14:30）17:00～22:00 （料理L.O. 21:00 ドリンクL.O. 21:00）",東京都調布市仙川町１-8-8,"京王線 仙川駅 徒歩5分 "
ふくろう,"月～土、祝日、祝前日: 11:00～翌0:00日: 11:00～15:0016:00～22:00",東京都調布市布田１‐４１‐１　菊屋ビル１F,調布駅中央北口　徒歩10歩
"てげ酒場らむじゃむ つつじヶ丘店","月～日、祝日、祝前日: 17:00～23:00 （料理L.O. 22:30）",東京都調布市西つつじケ丘３－３３－６　吉場ビル　2F,"つつじヶ丘駅より徒歩約2分 / 柴崎駅より徒歩約12分 / 仙川駅より徒歩約15分"
"やきとり処 い志井 仙川店","月～日、祝日、祝前日: 16:00～22:00 （料理L.O. 21:00 ドリンクL.O. 21:00）",東京都調布市仙川町１‐24‐1,仙川駅より徒歩5分
OH!膳屋,"月～日、祝日、祝前日: 17:30～21:00 （料理L.O. 20:00 ドリンクL.O. 20:00）","東京都調布市仙川町１-12-3 武蔵野ビル１Ｆ","仙川駅徒歩5分 改札出て前方のUFJ銀行を右折。商店街を横切りおにぎり屋を左折して進むと右手にあるこげ茶色の壁の建物"
"牛繁 ぎゅうしげ つつじヶ丘店","月～金、祝前日: 17:00～22:00 （料理L.O. 21:15 ドリンクL.O. 21:15）土: 13:00～23:00 （料理L.O. 22:15 ドリンクL.O. 22:15）日、祝日: 13:00～22:00 （料理L.O. 21:15 ドリンクL.O. 21:15）",東京都調布市西つつじケ丘３－３３－１２タムラ第一ビル２Ｆ,"京王線 つつじヶ丘駅 徒歩2分"
"調布っ子ダイニング ペコリ","月～木、日、祝日: 17:00～翌3:00 （料理L.O. 翌2:00 ドリンクL.O. 翌2:30）金、土、祝前日: 17:00～翌5:00 （料理L.O. 翌4:00 ドリンクL.O. 翌4:30）",東京都調布市布田１－４４－４,"京王線 調布駅 東口 徒歩2分 京王相模原線 調布駅 東口 徒歩2分 "
"牛繁 ぎゅうしげ 調布店","月～金、祝前日: 17:00～22:00 （料理L.O. 21:15 ドリンクL.O. 21:15）土: 17:00～23:00 （料理L.O. 22:15 ドリンクL.O. 22:15）日、祝日: 16:00～22:00 （料理L.O. 21:15 ドリンクL.O. 21:15）",東京都調布市小島町１-34-1　エクレール調布102,"京王線　調布駅 徒歩3分  "
"COZY TEA LOFT 御私蔵 仙川店","月～日、祝日、祝前日: 11:00～20:00 （料理L.O. 19:45 ドリンクL.O. 19:45）","東京都調布市仙川町１-12-51 藤戸ビル　1F",京王線仙川駅出口より徒歩約2分
UOTAKU,"月、火、木、金、祝前日: 17:00～23:00 （料理L.O. 22:00 ドリンクL.O. 22:30）土、日、祝日: 15:00～23:00 （料理L.O. 22:00 ドリンクL.O. 22:30）","東京都調布市布田１-20-7 1F",京王調布駅東口(北側)より徒歩約3分
"うまかもんや 博多なべ英","火～日、祝日、祝前日: 16:00～23:00 （料理L.O. 22:00 ドリンクL.O. 22:30）",東京都調布市布田１‐３４‐２,京王線調布駅北口より徒歩5分！天神通りを入った右手にございます。【スタッフ募集】
"牛たん処 い志井 調布銀座店","月～土、祝日、祝前日: 11:30～14:30 （料理L.O. 14:00 ドリンクL.O. 14:00）17:00～23:00 （料理L.O. 22:30 ドリンクL.O. 22:30）",東京都調布市小島町１－３４－１８,調布駅から徒歩3分
"炭火ダイニング らむじゃむ 布田駅前店","月～日、祝日、祝前日: 17:00～23:00 （料理L.O. 22:30）",東京都調布市国領町５－71－6　下田ビル１０１,布田駅　改札口降りて左手にすぐ
"KOZY STAND COFFEE","水～土、祝日、祝前日: 10:00～18:00","東京都調布市下石原２-60-2A　K-STUNT STUDIO 2F",京王線調布駅「広場口」から徒歩約１０分、鶴川街道交差点すぐ！サンドラッグさんの隣（1Fはスタジオになっています）
"すし居酒屋 だがや 布田駅前店","月、火、木～日、祝日、祝前日: 17:00～翌0:00 （料理L.O. 23:00 ドリンクL.O. 23:30）",東京都調布市布田３-４６-２田口ビル１F,布田駅から徒歩0分、調布駅から徒歩7分、国領駅から8分
"ホルモン きんたろー 調布店","月～日、祝日、祝前日: 17:00～21:00 （料理L.O. 20:00 ドリンクL.O. 20:00）",東京都調布市布田１－49-19,京王線調布駅東口右方向　百店街を入ってすぐ　徒歩2分・100歩
"李記 担担麺食堂","月、火、木～日、祝日、祝前日: 11:00～21:00 （料理L.O. 20:30 ドリンクL.O. 20:00）水: 11:00～16:00 （料理L.O. 15:30 ドリンクL.O. 15:00）",東京都調布市仙川町１-１２-１５,京王線仙川駅　徒歩3分
"串カツ田中 調布店","月～金、祝前日: 14:00～翌2:00 （料理L.O. 翌1:00 ドリンクL.O. 翌1:30）土、日、祝日: 12:00～翌2:00 （料理L.O. 翌1:00 ドリンクL.O. 翌1:30）",東京都調布市小島町１－３４－３,"調布駅 徒歩2分"
"ヴィエン タイ","月～日、祝日、祝前日: 11:30～15:00 （料理L.O. 14:30 ドリンクL.O. 14:30）17:00～20:00 （料理L.O. 19:30 ドリンクL.O. 19:30）",東京都調布市仙川町１-11-4,京王線仙川駅出口より徒歩約4分
"牛繁 ぎゅうしげ 仙川店","月～金、祝前日: 17:00～22:00 （料理L.O. 21:15 ドリンクL.O. 21:15）土: 17:00～23:00 （料理L.O. 22:15 ドリンクL.O. 22:15）日、祝日: 16:00～22:00 （料理L.O. 21:15 ドリンクL.O. 21:15）","東京都調布市仙川町１-16-18 杉田第一ビル1F","京王線 仙川駅 徒歩3分（230m）／京王線 つつじヶ丘駅 徒歩15分（1.2km）"
"ワイン&魚 イタリアン Barry's バーリーズ","月～日、祝日、祝前日: 11:30～14:00 （料理L.O. 13:30 ドリンクL.O. 13:45）18:00～23:00 （料理L.O. 22:00 ドリンクL.O. 22:45）",東京都調布市布田１－５０－１　マートルコート調布１F-1B,京王線調布駅東口より徒歩1分。駅を背に右へ、百店街商店街を入らず10mほど進んだ左側のマンションの1Fにあります。
"クチーナ エ バール クワトロヴァッリ","月～土、祝前日: 11:30～14:4517:00～23:00 （料理L.O. 22:00 ドリンクL.O. 22:00）日、祝日: 11:30～14:4517:00～22:30 （料理L.O. 21:30 ドリンクL.O. 21:30）",東京都調布市小島町１丁目３４番地１番エクレール調布２０２,京王調布駅広場口より徒歩約5分
"スワガット 仙川店","月～日、祝日、祝前日: 11:00～15:00 （料理L.O. 15:00 ドリンクL.O. 15:00）17:00～23:00 （料理L.O. 22:30 ドリンクL.O. 22:30）","東京都調布市仙川町１-18-3 2F",京王線仙川駅出口より徒歩約30秒
"日本熟成ホルモン 調布","月～日、祝日、祝前日: 17:00～翌0:00",東京都調布市布田１‐34‐2,調布駅北口より徒歩3分
"TRATTORIA Timo","火～日、祝日、祝前日: 11:00～15:00 （料理L.O. 14:00）17:00～21:00 （料理L.O. 20:00）",東京都調布市布田３－１７－８,調布駅徒歩７分
"新鮮焼肉 ホルモン本舗 昭和館 つつじヶ丘","火～日、祝日、祝前日: 17:00～21:00 （料理L.O. 20:30 ドリンクL.O. 20:30）","東京都調布市西つつじケ丘３-37-2 横田ファイブ108",京王線【つつじヶ丘駅】北口徒歩1分。ロータリーを渡った目の前のビルです。
"牛たん処 い志井 本店","火～土、祝日、祝前日: 17:00～23:00 （料理L.O. 22:30 ドリンクL.O. 22:30）日: 17:00～22:00 （料理L.O. 21:30 ドリンクL.O. 21:30）",東京都調布市布田２-1-3,調布駅から徒歩5分
シッダールタ　パレス　雪谷・田園調布店,"月～金、祝前日: 11:00～15:00 （料理L.O. 15:00 ドリンクL.O. 15:00）17:00～翌0:00土、日、祝日: 11:00～翌0:00",東京都大田区雪谷大塚町11-8,東急池上線雪が谷大塚駅南口より徒歩約5分
"厨ぼうず 調布店","月～日、祝日、祝前日: 17:00～23:00 （料理L.O. 22:30 ドリンクL.O. 22:45）",東京都調布市小島町１-１1-４　メゾン調布１F,JR調布駅から徒歩5分
"行きたくなる酒場 浜ちゃん 調布店","月～日、祝日、祝前日: 17:00～翌5:00 （料理L.O. 翌4:00 ドリンクL.O. 翌4:30）","東京都調布市布田１－４４－４　ＦＲＡＮＫ１ ３Ｆ",京王調布駅東口(北側)より徒歩約1分
"鳥元 調布店","火～日、祝日、祝前日: 11:30～14:30 （料理L.O. 14:00 ドリンクL.O. 14:00）16:30～21:00 （料理L.O. 20:00 ドリンクL.O. 20:30）",東京都調布市布田１－４７－１辰巳ビルＢ１,"京王線 調布駅 東口 徒歩1分☆東口を出て右。みずほ銀行ATMを正面に右折し30秒。ビックエコーさん右側の地下。"
"焼肉 牛星 調布国領店","火～日、祝日、祝前日: 12:00～21:00 （料理L.O. 20:30 ドリンクL.O. 20:30）",東京都調布市国領町３－１－３８　ココスクエア調布２Ｆ,京王線国領駅北口より徒歩約2分
"ジャクソンホール JACKSON HOLE","火～金、祝前日: 16:00～21:00 （料理L.O. 20:30 ドリンクL.O. 20:30）土、日、祝日: 11:30～15:00 （料理L.O. 14:30 ドリンクL.O. 14:30）16:00～21:00 （料理L.O. 20:30 ドリンクL.O. 20:30）",東京都調布市布田１-3-1,京王線・調布駅北口より電通大に向かって突き当たり右曲がってすぐ。
"くいもの屋 わん 調布北口店","月～日、祝日、祝前日: 16:00～翌1:00 （料理L.O. 翌0:00 ドリンクL.O. 翌0:00）",東京都調布市布田１－４１－２原政ビル５Ｆ,京王線調布駅北口　徒歩1分
"無国籍料理 TSUTAYA","月、火、木～日、祝日、祝前日: 11:30～14:00 （料理L.O. 13:30 ドリンクL.O. 13:30）17:30～23:00 （料理L.O. 22:00 ドリンクL.O. 22:30）",東京都調布市上石原２-21-5,"京王線西調布駅南口 徒歩4分"
"さかなや道場 調布国領店","火～日、祝日、祝前日: 11:00～21:00 （料理L.O. 20:00 ドリンクL.O. 20:30）",東京都調布市国領町３－１－３８　ココスクエア調布２Ｆ,国領駅2分【でかネタのお寿司と希少価値の高い日本酒を味わえる居酒屋】活魚・日本酒・寿司・旬の食材・富士白レモン
"17 unosette ウノセッテ 調布店","火～日、祝日、祝前日: 11:30～14:30 （料理L.O. 14:00 ドリンクL.O. 14:00）17:00～21:00 （料理L.O. 20:00 ドリンクL.O. 20:00）",東京都調布市布田１-26-12,調布駅東口徒歩2分◆テラス席・個室完備のイタリアン◆炭火焼料理と熟成魚◆誕生日・記念日・貸切パーティーに最適♪
"バステト カフェ","月～金、祝日、祝前日: 11:30～14:00 （料理L.O. 13:30）17:00～翌0:00 （料理L.O. 23:30）土: 17:00～翌0:00 （料理L.O. 23:30）",東京都調布市布田１‐４１‐１　菊屋ビル６F,京王線調布駅前　北口駅前コージーコーナーの上６Ｆです
"ミライザカ 仙川駅前店","月～金、祝前日: 16:00～翌0:00 （料理L.O. 23:00 ドリンクL.O. 23:00）土、日、祝日: 15:00～翌0:00 （料理L.O. 23:00 ドリンクL.O. 23:00）",東京都調布市仙川町３‐９‐７　エテルノ上原　B1F,京王線仙川駅　徒歩30秒　！★2時間単品飲み放題（ビール付）1650円！
田園調布倶楽部,"火～日、祝日、祝前日: 11:00～21:00 （料理L.O. 20:00 ドリンクL.O. 20:00）","東京都大田区田園調布１-52-17 ",東急多摩川線多摩川駅徒歩3分/東急東横線田園調布駅徒歩8分　
"魚民 西調布北口駅前店","月～水、日、祝日、祝前日: 17:00～翌0:00 （料理L.O. 23:30 ドリンクL.O. 23:30）木: 17:00～翌0:00 （料理L.O. 23:00 ドリンクL.O. 23:00）金、土: 17:00～翌2:00 （料理L.O. 翌1:30 ドリンクL.O. 翌1:30）","東京都調布市上石原１－２５－１０　アイティエーガーデン 2Ｆ",西調布駅すぐの郵便局の2階にございます。駅の北側ロータリー予定地の近くです。
"餃子創作料理居酒屋 十色","月～金、祝前日: 17:00～翌0:00 （料理L.O. 23:00 ドリンクL.O. 23:30）土、日、祝日: 16:00～翌0:00 （料理L.O. 23:00 ドリンクL.O. 23:30）",東京都調布市仙川町１-48-1,京王線　仙川駅から徒歩2分
"海鮮居酒屋 鮨のえん屋 調布北口店","月～金: 11:30～15:00 （料理L.O. 14:30 ドリンクL.O. 14:30）17:00～翌2:00 （料理L.O. 23:00 ドリンクL.O. 23:00）土: 11:30～15:00 （料理L.O. 14:30 ドリンクL.O. 14:30）17:00～翌2:00 （料理L.O. 翌1:00 ドリンクL.O. 翌1:30）日、祝日: 11:30～翌0:00 （料理L.O. 23:00 ドリンクL.O. 23:00）祝前日: 11:30～15:00 （料理L.O. 14:30 ドリンクL.O. 14:30）17:00～翌0:00 （料理L.O. 23:00 ドリンクL.O. 23:00）","東京都調布市小島町１-35-3 濱乃家ビル1Ｆ",京王線「調布駅」徒歩2分
"居酒屋 shino 黒猫&Darts","月、水～日、祝日、祝前日: 11:30～21:00 （料理L.O. 20:00 ドリンクL.O. 20:00）",東京都調布市国領町３-3-6,"京王線国領駅 徒歩2分"
簓,"月、火、木～日、祝日、祝前日: 11:30～14:00 （料理L.O. 13:30 ドリンクL.O. 13:30）17:00～21:00 （料理L.O. 20:00 ドリンクL.O. 20:00）",東京都調布市仙川町１-14-61,京王線仙川駅から徒歩3分
"木曽路 調布店","月～日、祝日、祝前日: 11:00～15:00 （料理L.O. 14:30 ドリンクL.O. 14:30）17:00～21:00 （料理L.O. 20:30 ドリンクL.O. 20:30）",東京都調布市八雲台２-7-1,京王線）国領駅～徒歩5分
多摩川ダイナー,"火～日、祝前日: 11:30～23:00 （料理L.O. 22:00 ドリンクL.O. 22:00）祝日: 11:30～21:00 （料理L.O. 20:00 ドリンクL.O. 20:00）",東京都大田区田園調布１-55-20　浅間ビル5号,東急多摩川駅南口より徒歩約5分
"Bistro D' ビストロディーダッシュ","月、木～日、祝日、祝前日: 12:00～14:30 （料理L.O. 13:30 ドリンクL.O. 14:00）18:00～23:00 （料理L.O. 22:00 ドリンクL.O. 22:30）",東京都調布市布田３-55-4,布田駅改札を出で左折。そのまま道なりに進み、椿地蔵前の信号の角に店舗があります。徒歩7分
デンゾウ・バー,"火～木、祝日、祝前日: 18:00～翌1:00 （料理L.O. 翌0:00 ドリンクL.O. 翌0:00）金、土: 18:00～翌2:00 （料理L.O. 翌1:00 ドリンクL.O. 翌1:00）日: 14:00～23:00 （料理L.O. 22:00 ドリンクL.O. 22:00）",東京都調布市西つつじケ丘３-３７-１４　カジマヤビル２Ｆ,京王線【つつじヶ丘】駅北口より徒歩２分
はんめんち,"月～水、金～日、祝日、祝前日: 17:00～21:00 （料理L.O. 20:00 ドリンクL.O. 20:30）",東京都調布市上石原１-24-30　2F,西調布駅を降りて左に真っ直ぐいったところの2階にあります。
"コート・ダジュール 仙川店","月～日、祝日、祝前日: 09:00～21:00",東京都調布市仙川町１-15-1　坂口仙川ビル1F,仙川駅徒歩5分。桐朋女高方面、イタリアントマト正面
"焼肉 牛星 調布南口店","火～金、祝前日: 16:00～21:00 （料理L.O. 20:00 ドリンクL.O. 20:00）土、日、祝日: 12:00～21:00 （料理L.O. 20:00 ドリンクL.O. 20:00）",東京都調布市小島町３－７０－１　グランドール調布２階,●京王調布駅中央口より徒歩約8分
"しゃぶ葉 調布南口店","月～日、祝日、祝前日: 11:00～23:30 （料理L.O. 23:00 ドリンクL.O. 23:00）",東京都調布市布田４－１８－９,"京王線 調布駅 徒歩3分 "
"魚民 つつじヶ丘北口駅前店","月～水、日、祝日、祝前日: 17:00～翌1:00 （料理L.O. 翌0:30 ドリンクL.O. 翌0:30）木: 17:00～翌0:00 （料理L.O. 23:00 ドリンクL.O. 23:00）金、土: 17:00～翌3:00 （料理L.O. 翌2:30 ドリンクL.O. 翌2:30）",東京都調布市東つつじケ丘１－２－４　ＯＧビル　２F,つつじヶ丘駅北口をでまして、ロータリー右側すぐに御座います。
"焼肉スエヒロ館 調布店","月～金、祝前日: 11:30～15:00 （料理L.O. 14:30 ドリンクL.O. 14:30）16:00～21:00 （料理L.O. 20:30 ドリンクL.O. 20:00）土、日、祝日: 11:30～21:00 （料理L.O. 20:30 ドリンクL.O. 20:00）",東京都調布市国領町５－３７－２,京王線布田駅北口より徒歩約11分
"目利きの銀次 調布南口駅前店","月～日、祝日、祝前日: 11:00～21:00 （料理L.O. 20:30 ドリンクL.O. 20:30）","東京都調布市布田４－２－３ ガイア調布２ ５F",調布駅南口を降りていただき、左へ直進。左手にございますガイアのビルの5階にございます。
"季節のおまかせ 蒔","水～日、祝日、祝前日: 12:00～15:00 （料理L.O. 13:30）18:00～22:00 （料理L.O. 20:00）",東京都調布市仙川町１-７-１,京王線【仙川】駅より徒歩５分
"串カツ民屋 仙川店","月～木、日、祝日: 16:00～翌0:00 （料理L.O. 23:00 ドリンクL.O. 23:30）金、土、祝前日: 16:00～翌1:00 （料理L.O. 翌0:00 ドリンクL.O. 翌0:30）","東京都調布市仙川町１-14-54 第59東京ビル2F",京王線仙川駅から徒歩5分
"鳥貴族 仙川店","月～金、祝前日: 16:00～20:00 （料理L.O. 19:30 ドリンクL.O. 19:30）土、日、祝日: 12:00～20:00 （料理L.O. 19:30 ドリンクL.O. 19:30）","東京都調布市仙川町２－２１－１３　仙川ビルＢ館 ２Ｆ","京王線  仙川駅  改札口より  西へ徒歩1分"
"チュナチュドン 春夏秋冬","月～水、金、祝前日: 17:00～22:00 （料理L.O. 21:30 ドリンクL.O. 21:30）土、日、祝日: 16:00～22:30 （料理L.O. 22:00 ドリンクL.O. 22:00）","東京都調布市八雲台２-11-21  １Ｆ",京王線国領駅より徒歩5分
"豊後高田どり酒場 仙川駅前店","月～水、金～日、祝日、祝前日: 17:00～翌3:00 （料理L.O. 翌2:30 ドリンクL.O. 翌2:30）木: 17:00～翌0:00 （料理L.O. 23:00 ドリンクL.O. 23:00）","東京都調布市仙川町１－４７－１１ パール仙川２　３Ｆ",京王線仙川駅を降りて、バスロータリー正面の青いビルの3階にございます。
"山内農場 調布南口駅前店","月～水、日、祝日、祝前日: 17:00～翌1:00 （料理L.O. 翌0:30 ドリンクL.O. 翌0:30）木: 17:00～翌0:00 （料理L.O. 23:00 ドリンクL.O. 23:00）金、土: 17:00～翌3:00 （料理L.O. 翌2:30 ドリンクL.O. 翌2:30）","東京都調布市布田４－２－３ ガイア調布２ ５F","調布駅南口を降りていただき、左へ直進。 左手にございますガイアのビルの5階にございます。"
"温野菜 西調布店","月～日、祝日、祝前日: 16:00～23:00 （料理L.O. 22:30 ドリンクL.O. 22:30）",東京都調布市下石原３－１１－１　キッチンコート２Ｆ,京王線西調布駅出口より徒歩約8分
"魚の飯 調布","月～金: 11:30～14:00 （料理L.O. 13:30）17:00～21:00 （料理L.O. 20:00）土、日、祝日: 16:00～21:00 （料理L.O. 20:00）祝前日: 17:00～21:00 （料理L.O. 20:00）",東京都調布市布田１－３４－１,"京王線 調布駅 徒歩3分"
SIPHONYCOFFEE,"月、水～日、祝日、祝前日: 08:00～20:00 （料理L.O. 19:30 ドリンクL.O. 19:30）","東京都調布市仙川町３丁目2番1号 ドエル仙川別館2階店舗",仙川駅から徒歩約３分/ハーモニーロードを抜けた小田急バス仙川案内所の向かいにあるドエル仙川別館の2階にございます。
メネフネ,"月～土、祝日、祝前日: 17:30～22:00 （料理L.O. 21:00 ドリンクL.O. 21:30）",東京都調布市若葉町２-1-1　カワハラビル２F,仙川駅から徒歩7分。島忠並び桐朋学園前交差点セブンイレブン2階
"目利きの銀次 田園調布東口駅前店","月～水、金～日、祝日、祝前日: 11:00～翌0:00 （料理L.O. 23:30 ドリンクL.O. 23:30）木: 11:00～翌0:00 （料理L.O. 23:00 ドリンクL.O. 23:00）",東京都大田区田園調布２－５０－９　第二開発ビル　１F,田園調布駅東口を降りていただき、右側の横断歩道から坂を下っていきますと徒歩2分程で右手に看板が見えます。
